{
  "project_info": {
    "project_number": "1077605629910",
    "firebase_url": "https://nothotdog-b55fc.firebaseio.com",
    "project_id": "nothotdog-b55fc",
    "storage_bucket": "nothotdog-b55fc.appspot.com"
  },
  "client": [
    {
      "client_info": {
        "mobilesdk_app_id": "1:1077605629910:android:9a69b71e4eabf8018eee77",
        "android_client_info": {
          "package_name": "com.bimsina.nothotdog"
        }
      },
      "oauth_client": [
        {
          "client_id": "1077605629910-uq398118f0uqhl0ha9la9ufp7ui5dd0b.apps.googleusercontent.com",
          "client_type": 3
        }
      ],
      "api_key": [
        {
          "current_key": "AIzaSyAjIiXjAtrzFyVCq0ibKHe2Lg1hhXUnsWI"
        }
      ],
      "services": {
        "appinvite_service": {
          "other_platform_oauth_client": [
            {
              "client_id": "1077605629910-uq398118f0uqhl0ha9la9ufp7ui5dd0b.apps.googleusercontent.com",
              "client_type": 3
            }
          ]
        }
      }
    }
  ],
  "configuration_version": "1"
}